﻿<?xml version="1.0" encoding="utf-8"?>
<Roots >
  <Roots.RootTypes>
    <RootType FullName="Windows.UI.Xaml.Controls.Page">
      <RootProperty Name="Content" />
    </RootType>
    <RootType FullName="Windows.UI.Xaml.Controls.Grid">
      <RootProperty Name="Background" />
      <RootProperty Name="Margin" />
      <RootProperty Name="RenderTransformOrigin" />
      <RootProperty Name="UseLayoutRounding" />
      <RootProperty Name="Children" />
    </RootType>
    <RootType FullName="Microsoft.Xaml.DirectUI.ProxyTypes.ThemeResourceExtension" />
    <RootType FullName="Windows.UI.Xaml.Controls.Primitives.Popup">
      <RootProperty Name="Width" />
      <RootProperty Name="Height" />
      <RootProperty Name="AllowDrop" />
      <RootProperty Name="Child" />
    </RootType>
    <RootType FullName="Windows.UI.Xaml.Controls.StackPanel">
      <RootProperty Name="Orientation" />
      <RootProperty Name="BorderThickness" />
      <RootProperty Name="CornerRadius" />
      <RootProperty Name="RequestedTheme" />
      <RootProperty Name="BorderBrush" />
      <RootProperty Name="Background" />
      <RootProperty Name="Children" />
    </RootType>
    <RootType FullName="Windows.UI.Xaml.Media.LinearGradientBrush">
      <RootProperty Name="EndPoint" />
      <RootProperty Name="StartPoint" />
      <RootProperty Name="GradientStops" />
    </RootType>
    <RootType FullName="Windows.UI.Xaml.Media.GradientStop">
      <RootProperty Name="Color" />
      <RootProperty Name="Offset" />
    </RootType>
    <RootType FullName="Windows.UI.Xaml.Controls.Button">
      <RootProperty Name="Background" />
      <RootProperty Name="Content" />
      <RootProperty Name="Margin" />
      <RootEvent Name="Click" />
    </RootType>
    <RootType FullName="Windows.UI.Xaml.Controls.ScrollViewer">
      <RootProperty Name="ZoomMode" />
      <RootProperty Name="MaxZoomFactor" />
      <RootProperty Name="HorizontalScrollBarVisibility" />
      <RootProperty Name="Height" />
      <RootProperty Name="Width" />
      <RootProperty Name="Content" />
    </RootType>
    <RootType FullName="Windows.UI.Xaml.Controls.ListBox">
      <RootProperty Name="Width" />
      <RootProperty Name="BorderThickness" />
      <RootProperty Name="Background" />
      <RootProperty Name="Items" />
      <RootEvent Name="SelectionChanged" />
    </RootType>
    <RootType FullName="Windows.UI.Xaml.Media.ImageBrush">
      <RootProperty Name="Stretch" />
    </RootType>
    <RootType FullName="System.String" />
    <RootType FullName="Windows.UI.Xaml.Controls.TextBlock">
      <RootProperty Name="VerticalAlignment" />
      <RootProperty Name="Margin" />
      <RootProperty Name="Visibility" />
    </RootType>
    <RootType FullName="Windows.UI.Xaml.Controls.TextBox">
      <RootProperty Name="Text" />
      <RootProperty Name="Margin" />
      <RootProperty Name="Background" />
      <RootEvent Name="TextChanged" />
    </RootType>
    <RootType FullName="App1.Popup" />
  </Roots.RootTypes>
</Roots>
